id;title;start_date;end_date;photo;photo_content_type;description
1;disparity solemnly;2023-12-27;2023-12-27;../fake-data/blob/hipster.png;image/png;but
2;flush;2023-12-28;2023-12-27;../fake-data/blob/hipster.png;image/png;vaguely
3;victoriously finally backpack;2023-12-28;2023-12-28;../fake-data/blob/hipster.png;image/png;geez crumb um
4;export;2023-12-27;2023-12-27;../fake-data/blob/hipster.png;image/png;sorbet loftily
5;unless clothing jaggedly;2023-12-27;2023-12-27;../fake-data/blob/hipster.png;image/png;yearningly whereas out
6;colorfully discrete softly;2023-12-28;2023-12-27;../fake-data/blob/hipster.png;image/png;hmph whoever whoa
7;beget;2023-12-27;2023-12-28;../fake-data/blob/hipster.png;image/png;appraise usher scheme
8;hashtag per;2023-12-28;2023-12-27;../fake-data/blob/hipster.png;image/png;intentional
9;advantage pantry venture;2023-12-27;2023-12-28;../fake-data/blob/hipster.png;image/png;drat
10;nonsense;2023-12-28;2023-12-28;../fake-data/blob/hipster.png;image/png;incidentally
